<?xml version="1.0" encoding="utf-8" standalone="yes"?>
<?xml-stylesheet type="text/xsl" href="modx.prosilver.en.xsl"?>
<!--For security purposes, please check: http://www.phpbb.com/mods/ for the latest version of this MOD. Although MODs are checked before being allowed in the MODs Database there is no guarantee that there are no security problems within the MOD. No support will be given for MODs not found within the MODs Database which can be found at http://www.phpbb.com/mods/-->
<mod xmlns:xsi="http://www.w3.org/2001/XMLSchema-instance" xmlns="http://www.phpbb.com/mods/xml/modx-1.2.5.xsd">
<header>
	<license>http://opensource.org/licenses/gpl-license.php GNU General Public License v2</license>
	<title lang="en">phpBB Blog System</title>
	
	<description lang="en">This MOD adds a blog to your forum, to which users with the appropriate permissions can post and comment on posts. This is not to be confused with EXreaction's User Blog MOD.</description>

	<author-notes lang="en">This MOD is Still in ALPHA. It should NOT be used on live boards. As it is still in alpha, feature requests are still accepted so ask where you downloaded this modification.</author-notes>

	<author-group>
		<author>
			<username>Unknown Bliss</username>
			<realname>Michael Cullum</realname>
			<homepage>http://michaelcullum.com</homepage>
			<email>m@michaelcullum.com</email>
			<contributions-group>
				  <contributions status="current" from="2010-09-19" position="Developer"></contributions>
			</contributions-group>
		</author>
		<author>
			<username>imkingdavid</username>
			<realname>David King</realname>
			<homepage>http://phpbbdevelopers.net</homepage>
			<email>imkingdavid@gmail.com</email>
			<contributions-group>
				  <contributions status="past" from="2009-09-03" to="2010-09-19" position="Developer"/>
			</contributions-group>
		</author>
	</author-group>

	<mod-version>0.0.4</mod-version>

	<installation>
		<level>easy</level>
		<time>300</time>
		<target-version>3.0.9</target-version>
	</installation>
	<history>
		<entry>
			<date>2010-09-19</date>
			<rev-version>0.0.1</rev-version>
			<changelog lang="en">
				<change>Unknown Bliss takes over development from imkingdavid's ABD Mod</change>
				<change>Update UMIL</change>
				<change>Update install.xml</change>
				<change>Update MOD Version Check</change>
			</changelog>
		</entry>
		<entry>
			<date>2010-09-20</date>
			<rev-version>0.0.1</rev-version>
			<changelog lang="en">
				<change>Made a few changes (can't remember them though. Sorry)</change>
				<change>Updating UMIF to how it should be</change>
				<change>Changing Name and copyright</change>
				<change>Updating Title and Version in ACP Module Info File</change>
			</changelog>
		</entry>
		<entry>
			<date>2010-09-21</date>
			<rev-version>0.0.2</rev-version>
			<changelog lang="en">
				<change>[issue/1] Remove core edits by using hooks (Thanks to erikfrerejean)</change>
				<change>Updating MOD Version ready for next release</change>
				<change>Adding PHP Installer into MODX in PHP Installer Field</change>
				<change>Changing Unknown Bliss's Email, due to typo</change>
				<change>Adding Contribution Groups and Contribution Information for imkingdavid and Unknown Bliss</change>
			</changelog>
		</entry>
		<entry>
			<date>2010-10-18</date>
			<rev-version>0.0.3</rev-version>
			<changelog lang="en">
				<change>Stop hooks breaking UMIL</change>
			</changelog>
		</entry>
	</history>
</header>

<action-group>
	<copy>
		<file from="root/*.*" to="*.*" />
	</copy>
	
	<open src="styles/prosilver/template/overall_header.html">
		<edit>
			<find><![CDATA[<li class="icon-faq"><a href="{U_FAQ}" title="{L_FAQ_EXPLAIN}">{L_FAQ}</a></li>]]></find>
			<action type="before-add"><![CDATA[<li class="icon-ucp"><a href="{U_BLOG}" title="{OVERALL_BLOG_TITLE}">{OVERALL_BLOG_TITLE}</a></li>]]></action>
		</edit>
	</open>
	<php-installer>blog_install.php</php-installer>
	<diy-instructions lang="en"><![CDATA[Once the install script runs, you are done. You may now remove that file and go to ACP.]]>
	</diy-instructions>
</action-group>
</mod>